{"cameraMode":{"drawMode":0,"name":"Shaded","section":"Shading Mode"},"sceneLighting":false,"audioPlay":false,"sceneViewState":{"m_AlwaysRefresh":false,"showFog":true,"showSkybox":true,"showFlares":true,"showImageEffects":true,"showParticleSystems":true,"showVisualEffectGraphs":true,"m_FxEnabled":true},"in2DMode":false,"pivot":{"x":3.6049766540527345,"y":-11.282264709472657,"z":17.60110092163086},"rotation":{"x":-0.19933557510375977,"y":0.07693067938089371,"z":-0.015699680894613267,"w":-0.9767813682556152},"size":23.03963279724121,"orthographic":false}